,duration,probability,predict
0,0.005814790725708008,0.06365136802196503,13
1,0.005499124526977539,0.059741802513599396,13
2,0.0054509639739990234,0.06169974431395531,13
3,0.005439281463623047,0.058694254606962204,13
4,0.0054242610931396484,0.056633111089468,4
5,0.005428314208984375,0.059100352227687836,4
6,0.005446910858154297,0.05439601093530655,4
7,0.005442142486572266,0.06324633210897446,25
8,0.005430459976196289,0.06663135439157486,30
9,0.005424022674560547,0.10522343963384628,30
10,0.005422830581665039,0.1324014961719513,30
11,0.005421638488769531,0.1855640411376953,30
12,0.005417346954345703,0.18379010260105133,30
13,0.005419015884399414,0.11484193056821823,30
14,0.005419492721557617,0.13133393228054047,30
15,0.0054168701171875,0.10860079526901245,31
16,0.005423307418823242,0.09986580908298492,31
17,0.0054743289947509766,0.109871044754982,14
18,0.00546574592590332,0.09918172657489777,14
19,0.005463600158691406,0.09933718293905258,14
20,0.00545811653137207,0.11849208921194077,14
21,0.00547027587890625,0.08793146163225174,14
22,0.005482912063598633,0.07983320206403732,14
23,0.0055005550384521484,0.07699207216501236,3
24,0.005513668060302734,0.08829545974731445,25
25,0.0054781436920166016,0.08746977895498276,25
26,0.005453586578369141,0.09430205076932907,14
27,0.0054128170013427734,0.09860211610794067,25
28,0.0055882930755615234,0.08764241635799408,3
29,0.005578279495239258,0.09949879348278046,14
30,0.005584239959716797,0.0776829868555069,3
31,0.005553245544433594,0.07486047595739365,14
32,0.005570173263549805,0.08654775470495224,3
33,0.005483865737915039,0.10192424058914185,3
34,0.005529165267944336,0.09984347969293594,3
35,0.008959293365478516,0.12957514822483063,3
36,0.008142948150634766,0.11582573503255844,3
37,0.005705595016479492,0.083444744348526,3
38,0.0006248950958251953,0.06962023675441742,3
39,0.005696535110473633,0.06783097982406616,18
40,0.005651235580444336,0.05826437845826149,18
41,0.0055103302001953125,0.05650695040822029,21
42,0.005504608154296875,0.06387069821357727,8
43,0.005477190017700195,0.06626564264297485,8
44,0.005469322204589844,0.06598607450723648,8
45,0.0056018829345703125,0.06652563810348511,8
46,0.005667448043823242,0.08014598488807678,8
47,0.005706071853637695,0.08404938131570816,8
48,0.005652666091918945,0.08356212824583054,30
49,0.005652189254760742,0.07653797417879105,8
50,0.0007579326629638672,0.060284972190856934,30
51,0.005709648132324219,0.0583551861345768,32
52,0.011539459228515625,0.06536050885915756,32
53,0.0010101795196533203,0.07501852512359619,32
54,0.007048606872558594,0.1072440817952156,32
55,0.005869865417480469,0.11828745156526566,32
56,0.005611896514892578,0.16245611011981964,32
57,0.009239435195922852,0.17768490314483643,32
58,0.005601644515991211,0.15097670257091522,32
59,0.005700588226318359,0.12316525727510452,32
60,0.0057659149169921875,0.10416537523269653,32
61,0.00584101676940918,0.10855067521333694,15
62,0.005576610565185547,0.08985593914985657,15
63,0.005551338195800781,0.08812566101551056,21
64,0.00552821159362793,0.07308943569660187,21
65,0.005525112152099609,0.06777860224246979,12
66,0.005527973175048828,0.06861978024244308,28
67,0.005606412887573242,0.086464062333107,27
68,0.005545377731323242,0.09937067329883575,0
69,0.005517244338989258,0.09177038073539734,27
70,0.005507946014404297,0.0982775017619133,27
71,0.005501508712768555,0.09529753029346466,25
72,0.005446195602416992,0.10506828874349594,27
73,0.005446672439575195,0.10834607481956482,17
74,0.0055239200592041016,0.10354667156934738,3
75,0.005516529083251953,0.12196489423513412,3
76,0.005585908889770508,0.14207139611244202,4
77,0.005919218063354492,0.14509044587612152,4
78,0.005702495574951172,0.1532668024301529,24
79,0.00570225715637207,0.17783014476299286,17
80,0.0056803226470947266,0.18720175325870514,24
81,0.005775928497314453,0.2608460783958435,24
82,0.00558924674987793,0.3711879551410675,24
83,0.0060100555419921875,0.3251725733280182,24
84,0.00565028190612793,0.25562652945518494,23
85,0.005562543869018555,0.3501255512237549,23
86,0.005574703216552734,0.4148813784122467,23
87,0.005601406097412109,0.6352370381355286,23
88,0.005808591842651367,0.8496913909912109,23
89,0.010739803314208984,0.9186283349990845,23
90,0.010705947875976562,0.9479699730873108,23
91,0.011141061782836914,0.9636419415473938,23
92,0.011252164840698242,0.9772002696990967,23
93,0.011737823486328125,0.9918801784515381,23
94,0.010926961898803711,0.9909734725952148,23
95,0.011073589324951172,0.9822016358375549,23
96,0.010763406753540039,0.9667988419532776,23
97,0.0107879638671875,0.9563630819320679,23
98,0.010727167129516602,0.9595020413398743,23
99,0.010869026184082031,0.9685134291648865,23
100,0.010928869247436523,0.9773503541946411,23
101,0.010988235473632812,0.9827666282653809,23
102,0.010822534561157227,0.974160373210907,23
103,0.010867595672607422,0.9694384336471558,23
104,0.012293577194213867,0.9613842964172363,23
105,0.013287544250488281,0.9409745335578918,23
106,0.012042045593261719,0.9355235695838928,23
107,0.01218724250793457,0.9689587354660034,23
108,0.010918378829956055,0.979831874370575,23
109,0.012163639068603516,0.9697481989860535,23
110,0.01426553726196289,0.9719226360321045,23
111,0.010919332504272461,0.9723838567733765,23
112,0.011039495468139648,0.9677923321723938,23
113,0.011109113693237305,0.9661573171615601,23
114,0.010905981063842773,0.9580578207969666,23
115,0.006267070770263672,0.8830491900444031,23
116,0.005692481994628906,0.771118700504303,23
117,0.006331682205200195,0.7315441370010376,23
118,0.005887269973754883,0.5423650741577148,23
119,0.009045839309692383,0.5233519077301025,23
120,0.005717039108276367,0.5380041003227234,23
121,0.005755901336669922,0.4972588121891022,23
122,0.005716800689697266,0.19678911566734314,23
123,0.009314537048339844,0.2323022186756134,13
124,0.0057528018951416016,0.29139986634254456,32
125,0.005707502365112305,0.39307665824890137,32
126,0.0057947635650634766,0.5295213460922241,32
127,0.005635499954223633,0.5600394010543823,32
128,0.005661964416503906,0.497271865606308,32
129,0.005556821823120117,0.3748927712440491,32
130,0.005654096603393555,0.21079744398593903,32
131,0.005562305450439453,0.11060422658920288,32
132,0.00557708740234375,0.06747955083847046,32
133,0.005643606185913086,0.05951770395040512,32
134,0.005609035491943359,0.05917874723672867,27
135,0.005589723587036133,0.05733736231923103,32
136,0.005655765533447266,0.05405748635530472,32
137,0.005532503128051758,0.0470481775701046,32
138,0.005448341369628906,0.048413168638944626,17
139,0.016070127487182617,0.05265304446220398,17
140,0.00621485710144043,0.04869985580444336,29
141,0.007875919342041016,0.059725113213062286,17
142,0.0060291290283203125,0.059870004653930664,17
143,0.0009047985076904297,0.06266949325799942,36
144,0.008756160736083984,0.07780294865369797,12
145,0.0059583187103271484,0.09273941814899445,33
146,0.005894899368286133,0.13917207717895508,5
147,0.005860328674316406,0.16016578674316406,5
148,0.0065059661865234375,0.20677514374256134,29
149,0.006123781204223633,0.2589694559574127,30
150,0.005669832229614258,0.3663541078567505,30
151,0.0073812007904052734,0.28827399015426636,30
152,0.006238460540771484,0.3959808349609375,31
153,0.005686521530151367,0.7025951743125916,31
154,0.0061397552490234375,0.8458867073059082,31
155,0.010993480682373047,0.8973042368888855,31
156,0.010786294937133789,0.9437493085861206,31
157,0.012052297592163086,0.9415993690490723,31
158,0.011302947998046875,0.9424155354499817,31
159,0.010841608047485352,0.9671027064323425,31
160,0.012329816818237305,0.9748020768165588,31
161,0.010779142379760742,0.9641755819320679,31
162,0.010788917541503906,0.9351154565811157,31
163,0.010996341705322266,0.9466378688812256,31
164,0.011059999465942383,0.951380729675293,31
165,0.01427316665649414,0.9704031944274902,31
166,0.010856866836547852,0.9804815053939819,31
167,0.010870695114135742,0.9804085493087769,31
168,0.0110015869140625,0.9894624948501587,31
169,0.010772466659545898,0.9881347417831421,31
170,0.01084446907043457,0.9889134764671326,31
171,0.01122283935546875,0.9944526553153992,31
172,0.010887861251831055,0.9981696605682373,31
173,0.011081933975219727,0.9990324974060059,31
174,0.010831117630004883,0.9987753033638,31
175,0.010801553726196289,0.9992640614509583,31
176,0.011209726333618164,0.9996424317359924,31
177,0.010938405990600586,0.9996472001075745,31
178,0.011880874633789062,0.9984667301177979,31
179,0.01157069206237793,0.9975311160087585,31
180,0.01080465316772461,0.9950284957885742,31
181,0.010816335678100586,0.9941838383674622,31
182,0.006319284439086914,0.9917747378349304,31
183,0.01079559326171875,0.9697468280792236,31
184,0.011074066162109375,0.900066077709198,31
185,0.011145830154418945,0.9265579581260681,31
186,0.005783796310424805,0.8620094656944275,31
187,0.005825519561767578,0.7808355093002319,31
188,0.005698442459106445,0.8481051921844482,31
189,0.005681753158569336,0.8246696591377258,31
190,0.0056612491607666016,0.5144248008728027,31
191,0.005637407302856445,0.23479649424552917,32
192,0.0056874752044677734,0.26524558663368225,32
193,0.005596637725830078,0.22465862333774567,32
194,0.005663394927978516,0.18669915199279785,32
195,0.010701656341552734,0.37688881158828735,2
196,0.005623579025268555,0.4027043581008911,2
197,0.005730152130126953,0.3361212909221649,2
198,0.005662202835083008,0.3345237970352173,18
199,0.005640983581542969,0.19796940684318542,18
200,0.0056610107421875,0.14779576659202576,3
201,0.0056324005126953125,0.13324205577373505,3
202,0.005654811859130859,0.16888387501239777,18
203,0.005671024322509766,0.16683708131313324,18
204,0.005753278732299805,0.1986268311738968,17
205,0.005656242370605469,0.27747905254364014,17
206,0.005646944046020508,0.1822158247232437,17
207,0.0059070587158203125,0.13257092237472534,3
208,0.005667686462402344,0.11058484017848969,3
209,0.005626201629638672,0.08433039486408234,5
210,0.005626201629638672,0.09581272304058075,32
211,0.010655641555786133,0.09887568652629852,32
212,0.00555729866027832,0.08887409418821335,12
213,0.0054931640625,0.18386296927928925,12
214,0.005522251129150391,0.2136867195367813,12
215,0.005468845367431641,0.2678298056125641,12
216,0.005453348159790039,0.26568761467933655,12
217,0.005446434020996094,0.1932293325662613,12
218,0.005439043045043945,0.205841526389122,29
219,0.005444526672363281,0.34288549423217773,29
220,0.00543665885925293,0.46514222025871277,29
221,0.005431413650512695,0.6713205575942993,29
222,0.0054399967193603516,0.8017348647117615,29
223,0.0054473876953125,0.810573399066925,29
224,0.00543522834777832,0.7620469331741333,29
225,0.00543212890625,0.7041711807250977,29
226,0.005422353744506836,0.7608338594436646,29
227,0.005435466766357422,0.6704046726226807,29
228,0.005428314208984375,0.6992352604866028,29
229,0.0054204463958740234,0.7072765827178955,29
230,0.005434274673461914,0.6177965998649597,29
231,0.00542449951171875,0.5388810634613037,30
232,0.0054168701171875,0.5299146175384521,30
233,0.005424022674560547,0.548607349395752,30
234,0.005423545837402344,0.5281634330749512,30
235,0.005436897277832031,0.7099682688713074,29
236,0.005722522735595703,0.8174552917480469,29
237,0.005498409271240234,0.8382976651191711,29
238,0.005606651306152344,0.6843826174736023,29
239,0.005681753158569336,0.6753271222114563,29
240,0.005627155303955078,0.6598857641220093,29
241,0.0055217742919921875,0.7491611242294312,29
242,0.0054476261138916016,0.6908839344978333,29
243,0.005444526672363281,0.7497250437736511,29
244,0.005429983139038086,0.8992702960968018,29
245,0.010548591613769531,0.9281861782073975,29
246,0.005463838577270508,0.8137218356132507,29
247,0.005771636962890625,0.7132590413093567,29
248,0.005478620529174805,0.8285651803016663,29
249,0.005448579788208008,0.7800555229187012,29
250,0.005429983139038086,0.8201578855514526,29
251,0.0054357051849365234,0.807628870010376,29
252,0.005426883697509766,0.6449064016342163,29
253,0.00541996955871582,0.6896384954452515,29
254,0.005436420440673828,0.7247676253318787,29
255,0.0054340362548828125,0.7027791142463684,29
256,0.005425691604614258,0.7143168449401855,29
257,0.005450725555419922,0.5502786040306091,29
258,0.0054569244384765625,0.46937042474746704,29
259,0.0054454803466796875,0.41545259952545166,29
260,0.005429506301879883,0.2878171503543854,29
261,0.005681753158569336,0.19239133596420288,23
262,0.005830287933349609,0.22430948913097382,31
263,0.005945682525634766,0.26687532663345337,31
264,0.005657672882080078,0.258081316947937,8
265,0.0056192874908447266,0.3204086422920227,8
266,0.005650997161865234,0.36760449409484863,8
267,0.00562596321105957,0.2705194056034088,8
268,0.005636453628540039,0.20161153376102448,8
269,0.0056705474853515625,0.19297444820404053,8
270,0.005646467208862305,0.11947261542081833,8
271,0.005638837814331055,0.09839151799678802,8
272,0.005682229995727539,0.10615496337413788,8
273,0.0056002140045166016,0.0928601399064064,8
274,0.005683183670043945,0.09583339840173721,8
275,0.00565338134765625,0.0738997533917427,8
276,0.0056498050689697266,0.0856732502579689,27
277,0.0056493282318115234,0.08860074728727341,27
278,0.005652427673339844,0.07770372927188873,27
279,0.005640268325805664,0.0674101933836937,27
280,0.005674839019775391,0.06072017177939415,31
281,0.00561833381652832,0.05819161981344223,32
282,0.005651950836181641,0.06424106657505035,32
283,0.005639076232910156,0.06525550037622452,32
284,0.0056421756744384766,0.05627227947115898,32
285,0.005666017532348633,0.056544847786426544,29
286,0.0056324005126953125,0.05848855525255203,31
287,0.0056705474853515625,0.05166845768690109,31
288,0.005789041519165039,0.05705886706709862,32
289,0.005661487579345703,0.05498811975121498,14
290,0.005663633346557617,0.05446686968207359,14
291,0.010695457458496094,0.060095157474279404,32
292,0.005632877349853516,0.05425700545310974,32
293,0.0057680606842041016,0.05530357360839844,32
294,0.005661487579345703,0.05007588490843773,32
295,0.00573277473449707,0.05593590810894966,32
296,0.005698680877685547,0.0683838352560997,32
297,0.005636930465698242,0.05851505696773529,32
298,0.0056610107421875,0.05693797394633293,32
299,0.005646944046020508,0.06609246134757996,32
300,0.005648612976074219,0.06894218176603317,32
301,0.005662679672241211,0.06987347453832626,21
302,0.005985260009765625,0.06930302828550339,32
303,0.005636453628540039,0.0593387670814991,31
304,0.0056383609771728516,0.06635182350873947,32
305,0.005629301071166992,0.06223404407501221,31
306,0.005666494369506836,0.07882452011108398,31
307,0.005619049072265625,0.09611392766237259,31
308,0.005833864212036133,0.09394334256649017,27
309,0.005949258804321289,0.101019486784935,25
310,0.005616188049316406,0.11745723336935043,25
311,0.005589962005615234,0.12127148360013962,28
312,0.005509138107299805,0.1259327530860901,28
313,0.005545139312744141,0.13603289425373077,12
314,0.00547480583190918,0.1542055755853653,12
315,0.005513191223144531,0.1372148096561432,12
316,0.005462169647216797,0.15877419710159302,30
317,0.005448579788208008,0.16436393558979034,29
318,0.005451679229736328,0.18459556996822357,10
319,0.005429983139038086,0.2418161928653717,12
320,0.005420207977294922,0.3406887352466583,12
321,0.005431413650512695,0.5573221445083618,12
322,0.005423307418823242,0.5882430076599121,12
323,0.005449533462524414,0.399922639131546,12
324,0.005433559417724609,0.3313872516155243,12
325,0.005417585372924805,0.4139910936355591,12
326,0.005438566207885742,0.3868289887905121,12
327,0.005427122116088867,0.4783363938331604,12
328,0.005416393280029297,0.3527549207210541,12
329,0.00542449951171875,0.3814769685268402,10
330,0.005418539047241211,0.3882119059562683,10
331,0.005440711975097656,0.568097710609436,10
332,0.00542449951171875,0.46566838026046753,10
333,0.005414009094238281,0.4253600537776947,12
334,0.0054492950439453125,0.40487757325172424,12
335,0.005422830581665039,0.34532538056373596,12
336,0.005419254302978516,0.4166373610496521,12
337,0.005419492721557617,0.3930385112762451,12
338,0.005415678024291992,0.4612596333026886,25
339,0.005733966827392578,0.450308233499527,25
340,0.005602359771728516,0.4946441948413849,12
341,0.005465507507324219,0.6504136919975281,12
342,0.005458831787109375,0.8111889362335205,12
343,0.0054399967193603516,0.7603145241737366,12
344,0.005431413650512695,0.6322835087776184,12
345,0.00543212890625,0.5331672430038452,12
346,0.005425930023193359,0.39130398631095886,12
347,0.005445241928100586,0.33579233288764954,7
348,0.005426168441772461,0.37037840485572815,7
349,0.005419254302978516,0.3741935193538666,12
350,0.0054438114166259766,0.6705970168113708,12
351,0.005424022674560547,0.7313833236694336,12
352,0.005423307418823242,0.643885612487793,12
353,0.005419254302978516,0.5413802266120911,12
354,0.005419254302978516,0.2981443703174591,7
355,0.00543665885925293,0.2751598060131073,7
356,0.00542449951171875,0.2504735291004181,6
357,0.0054585933685302734,0.24250468611717224,6
358,0.005521059036254883,0.23606155812740326,6
359,0.005675554275512695,0.23481090366840363,20
360,0.005656719207763672,0.3090982437133789,20
361,0.005506277084350586,0.35312744975090027,20
362,0.0054357051849365234,0.2740679681301117,20
363,0.0054473876953125,0.26322153210639954,13
364,0.005426168441772461,0.2783453166484833,13
365,0.0054204463958740234,0.2511483132839203,13
366,0.005442142486572266,0.28214263916015625,32
367,0.0054209232330322266,0.3883938789367676,32
368,0.0054209232330322266,0.4447673261165619,32
369,0.005417823791503906,0.4844401478767395,32
370,0.0054242610931396484,0.4850054681301117,32
371,0.005439043045043945,0.47336524724960327,32
372,0.0054209232330322266,0.4480716288089752,32
373,0.005431652069091797,0.43388429284095764,32
374,0.005441188812255859,0.43228521943092346,32
375,0.005421638488769531,0.3451453745365143,32
376,0.005414724349975586,0.17976881563663483,32
377,0.005421161651611328,0.11483897268772125,32
378,0.005442380905151367,0.09475032985210419,32
379,0.005456447601318359,0.09039571136236191,32
380,0.005432844161987305,0.09903071075677872,32
381,0.0054247379302978516,0.11828000843524933,32
382,0.00545954704284668,0.09727645665407181,32
383,0.005431652069091797,0.04971393197774887,21
384,0.00542759895324707,0.054749809205532074,29
385,0.005417823791503906,0.05861201509833336,29
386,0.005425691604614258,0.07128331065177917,14
387,0.005439281463623047,0.08724280446767807,32
388,0.0054171085357666016,0.07562807202339172,32
389,0.005431175231933594,0.13265961408615112,32
390,0.005457639694213867,0.1407865434885025,32
391,0.005429506301879883,0.1484520137310028,32
392,0.005422830581665039,0.08456757664680481,32
393,0.0054204463958740234,0.1107642725110054,32
394,0.005425214767456055,0.09707049280405045,32
395,0.005448341369628906,0.122475765645504,32
396,0.005427360534667969,0.12003087252378464,5
397,0.005430936813354492,0.14591899514198303,32
398,0.005441188812255859,0.10655979812145233,32
399,0.005422353744506836,0.15227866172790527,32
400,0.005424022674560547,0.1580527275800705,32
401,0.0054204463958740234,0.10043979436159134,32
402,0.005418539047241211,0.08830618113279343,25
403,0.005439043045043945,0.09939268976449966,25
404,0.005423069000244141,0.08236533403396606,32
405,0.005417346954345703,0.07616331428289413,25
406,0.0054416656494140625,0.07835020124912262,32
407,0.005457162857055664,0.08284284174442291,25
408,0.005457401275634766,0.1163366287946701,25
409,0.005430698394775391,0.08285797387361526,25
410,0.005430698394775391,0.0941687747836113,25
411,0.005446195602416992,0.094577856361866,27
412,0.005426645278930664,0.09797287732362747,27
413,0.00542140007019043,0.09040576964616776,27
414,0.005438804626464844,0.09910731017589569,28
415,0.005420207977294922,0.12434707581996918,28
416,0.00543975830078125,0.13516992330551147,28
417,0.005419015884399414,0.18172189593315125,28
418,0.005418539047241211,0.19169111549854279,28
419,0.005425691604614258,0.12619908154010773,28
420,0.005417346954345703,0.2341000735759735,25
421,0.005410432815551758,0.3201344311237335,28
422,0.0054225921630859375,0.42837169766426086,25
423,0.00549006462097168,0.6960362195968628,25
424,0.005537271499633789,0.7067858576774597,25
425,0.016433000564575195,0.5985182523727417,25
426,0.00586700439453125,0.7274873852729797,25
427,0.005708932876586914,0.7093511819839478,25
428,0.005690574645996094,0.7494828701019287,25
429,0.005684852600097656,0.85312819480896,25
430,0.0056171417236328125,0.7959946990013123,25
431,0.005563497543334961,0.8972152471542358,25
432,0.005501747131347656,0.7046747207641602,25
433,0.005566120147705078,0.8134704232215881,25
434,0.005455732345581055,0.5726613402366638,25
435,0.005450248718261719,0.7431829571723938,9
436,0.010606050491333008,0.938197672367096,9
437,0.010624885559082031,0.963741660118103,9
438,0.010953426361083984,0.959647536277771,9
439,0.012164592742919922,0.9854061603546143,9
440,0.011184215545654297,0.9814029932022095,9
441,0.010877847671508789,0.989987313747406,9
442,0.010653018951416016,0.9910405278205872,9
443,0.010908842086791992,0.9955068826675415,9
444,0.010909318923950195,0.995171308517456,9
445,0.011039018630981445,0.9978313446044922,9
446,0.010810375213623047,0.9903343319892883,9
447,0.010889053344726562,0.9773755073547363,9
448,0.011039972305297852,0.9767590761184692,9
449,0.010813713073730469,0.9876217842102051,9
450,0.01605510711669922,0.9672484397888184,9
451,0.010785341262817383,0.9563760757446289,9
452,0.010867595672607422,0.961547315120697,9
453,0.01201772689819336,0.9064381122589111,9
454,0.010767936706542969,0.9740185141563416,9
455,0.010846853256225586,0.9844661355018616,9
456,0.011045694351196289,0.9937056303024292,9
457,0.010824441909790039,0.9957134127616882,9
458,0.01088857650756836,0.9867817759513855,9
459,0.011145591735839844,0.9672341346740723,9
460,0.01084280014038086,0.9674521684646606,9
461,0.010873794555664062,0.9747932553291321,9
462,0.01097249984741211,0.9611896276473999,9
463,0.01074981689453125,0.9314825534820557,9
464,0.005805492401123047,0.8815797567367554,9
465,0.005578041076660156,0.6638011336326599,9
466,0.0055065155029296875,0.5456860065460205,24
467,0.0055315494537353516,0.5155817866325378,24
468,0.0055010318756103516,0.3967079222202301,27
469,0.0054492950439453125,0.34882164001464844,27
470,0.00545191764831543,0.39529234170913696,35
471,0.005427837371826172,0.5557240843772888,35
472,0.005419015884399414,0.43938004970550537,35
473,0.005688905715942383,0.34813192486763,17
474,0.005498170852661133,0.31114640831947327,17
475,0.005448102951049805,0.25809481739997864,3
476,0.005425691604614258,0.23217768967151642,3
477,0.005424022674560547,0.1895505040884018,3
478,0.005432844161987305,0.16616712510585785,3
479,0.005421161651611328,0.13876844942569733,3
480,0.0054225921630859375,0.100864477455616,3
481,0.0054168701171875,0.0902724489569664,3
482,0.005416154861450195,0.09039251506328583,7
483,0.005430459976196289,0.07474365830421448,31
484,0.005415916442871094,0.08876844495534897,19
485,0.0054171085357666016,0.07428311556577682,7
486,0.005438327789306641,0.06811640411615372,32
487,0.005425214767456055,0.07089002430438995,32
488,0.005421876907348633,0.07374321669340134,32
489,0.0054323673248291016,0.06316866725683212,32
490,0.00542449951171875,0.07521558552980423,32
491,0.005433082580566406,0.06713009625673294,32
492,0.005420207977294922,0.0630788654088974,32
493,0.005429267883300781,0.05625057592988014,27
494,0.005433082580566406,0.06048526242375374,27
495,0.005419492721557617,0.05966537818312645,27
496,0.0054171085357666016,0.07219544053077698,27
497,0.005418062210083008,0.0863657221198082,27
498,0.005419015884399414,0.09639319032430649,27
499,0.005435466766357422,0.1165989562869072,27
500,0.005419254302978516,0.1274983435869217,27
501,0.005419731140136719,0.12722663581371307,27
502,0.005431175231933594,0.18443724513053894,27
503,0.00542140007019043,0.19369705021381378,29
504,0.005421876907348633,0.3198930323123932,27
505,0.0054209232330322266,0.37446412444114685,27
506,0.005420207977294922,0.3583991229534149,27
507,0.005430936813354492,0.469190776348114,27
508,0.005419731140136719,0.5749432444572449,27
509,0.0054166316986083984,0.545123279094696,27
510,0.0055561065673828125,0.7707194685935974,27
511,0.010605096817016602,0.940451979637146,27
512,0.010605573654174805,0.9894710183143616,27
513,0.011452198028564453,0.9958487153053284,27
514,0.010970115661621094,0.9962010979652405,27
515,0.010875225067138672,0.998520016670227,27
516,0.01093602180480957,0.9994717836380005,27
517,0.011291742324829102,0.999167799949646,27
518,0.010889768600463867,0.9995204210281372,27
519,0.010825157165527344,0.9979488253593445,27
520,0.015982627868652344,0.9988200664520264,27
521,0.010709047317504883,0.9995928406715393,27
522,0.010941743850708008,0.999760627746582,27
523,0.010820150375366211,0.9995423555374146,27
524,0.010930061340332031,0.9999055862426758,27
525,0.012244224548339844,0.9999275207519531,27
526,0.0111083984375,0.9999170303344727,27
527,0.01088571548461914,0.9999151229858398,27
528,0.011087417602539062,0.9998683929443359,27
529,0.010617256164550781,0.9999065399169922,27
530,0.010998249053955078,0.9999675750732422,27
531,0.011455535888671875,0.9999923706054688,27
532,0.01088857650756836,0.9999904632568359,27
533,0.010882139205932617,0.9999856948852539,27
534,0.016698837280273438,0.9996824860572815,27
535,0.010712862014770508,0.9979583621025085,27
536,0.010895013809204102,0.9908742308616638,27
537,0.010746002197265625,0.9632032513618469,27
538,0.010881662368774414,0.9760341644287109,27
539,0.011058568954467773,0.9962942004203796,27
540,0.010788679122924805,0.9978669881820679,27
541,0.01090860366821289,0.9890351295471191,27
542,0.011109590530395508,0.9184509515762329,27
543,0.005549192428588867,0.5472002029418945,27
544,0.005771636962890625,0.5859657526016235,35
545,0.005480527877807617,0.7850134372711182,35
546,0.005438327789306641,0.8021000623703003,35
547,0.005435943603515625,0.6939143538475037,35
548,0.005422115325927734,0.5981712937355042,35
549,0.005421638488769531,0.5681934356689453,35
550,0.005437135696411133,0.45491838455200195,35
551,0.005422830581665039,0.326649010181427,35
552,0.0054166316986083984,0.21799594163894653,35
553,0.005415439605712891,0.14737334847450256,35
554,0.005415678024291992,0.08977828919887543,8
555,0.005427360534667969,0.06625676900148392,8
556,0.0054128170013427734,0.06292852759361267,31
557,0.0054225921630859375,0.05837753415107727,19
558,0.005433082580566406,0.05619072914123535,31
559,0.005518436431884766,0.06583702564239502,12
560,0.005463600158691406,0.07549590617418289,12
561,0.00543212890625,0.08533501625061035,33
562,0.0054225921630859375,0.11713535338640213,27
563,0.005433559417724609,0.11072701960802078,12
564,0.005418300628662109,0.14916881918907166,26
565,0.005420684814453125,0.16886812448501587,26
566,0.005428791046142578,0.20261737704277039,36
567,0.0054171085357666016,0.23758958280086517,25
568,0.0054149627685546875,0.2916099727153778,25
569,0.005415678024291992,0.5423569083213806,25
570,0.005417346954345703,0.6972634792327881,25
571,0.005429267883300781,0.6980506181716919,25
572,0.005414485931396484,0.4813876450061798,27
573,0.0055544376373291016,0.7300808429718018,25
574,0.005510091781616211,0.7908557653427124,25
575,0.005433082580566406,0.8655925393104553,25
576,0.01057124137878418,0.9653910398483276,25
577,0.0105743408203125,0.9787849187850952,25
578,0.011723756790161133,0.9974845051765442,25
579,0.010738372802734375,0.9993126392364502,25
580,0.010910511016845703,0.9996891617774963,25
581,0.011035919189453125,0.9994765520095825,25
582,0.01069498062133789,0.9997110962867737,25
583,0.010881662368774414,0.9996863007545471,25
584,0.011099576950073242,0.9998846054077148,25
585,0.010843515396118164,0.9999361038208008,25
586,0.010925531387329102,0.999873161315918,25
587,0.012109518051147461,0.9994794130325317,25
588,0.010718345642089844,0.9992182850837708,25
589,0.010913610458374023,0.9990019798278809,25
590,0.011138677597045898,0.9976233839988708,25
591,0.010718107223510742,0.9968492388725281,25
592,0.01093745231628418,0.9975216388702393,25
593,0.01615738868713379,0.9944213628768921,25
594,0.01079869270324707,0.9950090646743774,25
595,0.010877609252929688,0.9958962202072144,25
596,0.010692358016967773,0.9976614713668823,25
597,0.010867595672607422,0.9966477155685425,25
598,0.010962963104248047,0.9934393763542175,25
599,0.01708817481994629,0.9973270893096924,25
600,0.010735511779785156,0.9973461031913757,25
601,0.010946035385131836,0.9945896863937378,25
602,0.010619640350341797,0.9943350553512573,25
603,0.010904550552368164,0.9966496229171753,25
604,0.011113166809082031,0.9973161816596985,25
605,0.010773897171020508,0.9831528663635254,25
606,0.005759239196777344,0.8026508092880249,25
607,0.005524396896362305,0.41348057985305786,25
608,0.005437374114990234,0.4003816545009613,16
609,0.005422115325927734,0.47104179859161377,16
610,0.0054988861083984375,0.4801626205444336,16
611,0.005498409271240234,0.3577938377857208,16
612,0.005425930023193359,0.255229651927948,16
613,0.005423307418823242,0.2821800708770752,13
614,0.005438089370727539,0.28138279914855957,25
615,0.0054204463958740234,0.39893639087677,25
616,0.005419731140136719,0.4211646616458893,25
617,0.005415916442871094,0.40899214148521423,31
618,0.005416393280029297,0.558674693107605,31
619,0.00542902946472168,0.5336256623268127,31
620,0.005416393280029297,0.4842779040336609,31
621,0.0054187774658203125,0.4598516821861267,31
622,0.0054264068603515625,0.46760958433151245,31
623,0.0055103302001953125,0.4847052991390228,31
624,0.005438327789306641,0.5202741026878357,31
625,0.005424976348876953,0.45706406235694885,31
626,0.005422830581665039,0.27512088418006897,31
627,0.0054318904876708984,0.1177099347114563,20
628,0.005417346954345703,0.15142787992954254,3
629,0.005417823791503906,0.20167282223701477,8
630,0.005428791046142578,0.3289056718349457,8
631,0.005417585372924805,0.31837570667266846,8
632,0.005529642105102539,0.2600107789039612,8
633,0.005550384521484375,0.2918259799480438,3
634,0.0054934024810791016,0.3506505787372589,8
635,0.0055048465728759766,0.42959001660346985,8
636,0.005429267883300781,0.3831973373889923,8
637,0.005425691604614258,0.6485426425933838,8
638,0.00557255744934082,0.8065763115882874,8
639,0.005675077438354492,0.8273842930793762,8
640,0.0054929256439208984,0.8430333733558655,8
641,0.005476236343383789,0.7572388052940369,8
642,0.005423545837402344,0.7204626202583313,8
643,0.005434513092041016,0.7774505615234375,8
644,0.005419254302978516,0.6300960183143616,8
645,0.005424976348876953,0.6779401898384094,8
646,0.010589361190795898,0.9046981334686279,8
647,0.005506038665771484,0.7293717265129089,8
648,0.005755901336669922,0.6448205709457397,8
649,0.005489826202392578,0.6592932343482971,8
650,0.005440950393676758,0.6003388166427612,8
651,0.005437135696411133,0.495562344789505,8
652,0.005421161651611328,0.6102407574653625,8
653,0.005420207977294922,0.7140975594520569,8
654,0.005431652069091797,0.5656580328941345,8
655,0.005417823791503906,0.4843844473361969,3
656,0.005417346954345703,0.6577398777008057,3
657,0.005415916442871094,0.8104995489120483,3
658,0.005421161651611328,0.8792605400085449,3
659,0.005431175231933594,0.8291263580322266,3
660,0.005583763122558594,0.7745518088340759,3
661,0.00548243522644043,0.8570048809051514,3
662,0.0054950714111328125,0.8786922097206116,3
663,0.005425214767456055,0.8687334656715393,3
664,0.010549783706665039,0.9277551770210266,3
665,0.010579824447631836,0.9416505098342896,3
666,0.016585350036621094,0.9535012245178223,3
667,0.011144399642944336,0.9049505591392517,3
668,0.005743980407714844,0.7834906578063965,3
669,0.005694866180419922,0.7643222212791443,3
670,0.005720853805541992,0.8354907631874084,3
671,0.0056688785552978516,0.8235082626342773,3
672,0.005593776702880859,0.742563784122467,3
673,0.0055658817291259766,0.6333221793174744,3
674,0.005481243133544922,0.5528030395507812,3
675,0.0054950714111328125,0.38055968284606934,3
676,0.005433082580566406,0.23787620663642883,3
677,0.005425691604614258,0.15389418601989746,3
678,0.00543522834777832,0.12538880109786987,8
679,0.0054209232330322266,0.07612087577581406,27
680,0.005421161651611328,0.06485732644796371,27
681,0.005415916442871094,0.0966794416308403,0
682,0.005414485931396484,0.12635588645935059,0
683,0.005425930023193359,0.18446961045265198,0
684,0.0054168701171875,0.13831788301467896,0
685,0.00542140007019043,0.1143641471862793,0
686,0.0054247379302978516,0.10251367837190628,0
687,0.005414247512817383,0.09064236283302307,0
688,0.005419731140136719,0.07254771143198013,0
689,0.005415678024291992,0.0592157244682312,0
690,0.005422115325927734,0.04611444100737572,31
691,0.005432844161987305,0.04859409108757973,30
692,0.005419015884399414,0.04641387611627579,30
693,0.005414485931396484,0.05352110043168068,7
694,0.0054264068603515625,0.05217457190155983,13
695,0.005415678024291992,0.052481427788734436,13
696,0.0054128170013427734,0.055507611483335495,7
697,0.0054168701171875,0.05447814241051674,17
698,0.005436897277832031,0.057715535163879395,17
699,0.005437374114990234,0.05768228694796562,17
700,0.005422353744506836,0.0766269713640213,31
701,0.00541996955871582,0.08585403114557266,31
702,0.005430698394775391,0.09084571152925491,31
703,0.005426883697509766,0.08988966792821884,31
704,0.005423307418823242,0.09589554369449615,31
705,0.005418300628662109,0.07857701182365417,21
706,0.005421876907348633,0.10056489706039429,21
707,0.00541996955871582,0.09986499696969986,21
708,0.00541996955871582,0.07856833189725876,32
709,0.005418300628662109,0.0765690952539444,32
710,0.005553245544433594,0.08744592219591141,32
711,0.005487918853759766,0.08950485289096832,32
712,0.005426883697509766,0.10107938200235367,32
713,0.005421161651611328,0.11498472094535828,32
714,0.005421161651611328,0.10012190043926239,32
715,0.005432605743408203,0.10463207215070724,32
716,0.005423307418823242,0.10550323873758316,32
717,0.005419731140136719,0.12150043249130249,32
718,0.00543522834777832,0.09298573434352875,31
719,0.005420684814453125,0.09059634059667587,31
720,0.00542140007019043,0.1176435574889183,31
721,0.0054168701171875,0.09386567771434784,31
722,0.005416393280029297,0.08716043084859848,31
723,0.005496025085449219,0.10256268829107285,30
724,0.0054323673248291016,0.11714546382427216,30
725,0.005424976348876953,0.1227104440331459,30
726,0.005429267883300781,0.12672187387943268,30
727,0.005427122116088867,0.13212518393993378,25
728,0.005421161651611328,0.11554790288209915,28
729,0.005419254302978516,0.12039977312088013,25
730,0.00542140007019043,0.1720246821641922,25
731,0.00542902946472168,0.1335860639810562,27
732,0.005417585372924805,0.13953441381454468,27
733,0.0054168701171875,0.19195714592933655,27
734,0.005415439605712891,0.1717069298028946,25
735,0.005419731140136719,0.20522044599056244,25
736,0.0054168701171875,0.1927870661020279,25
737,0.005416154861450195,0.14521053433418274,25
738,0.0054168701171875,0.15355117619037628,31
739,0.0060138702392578125,0.16813838481903076,31
740,0.0055735111236572266,0.20575840771198273,31
741,0.00545954704284668,0.22415241599082947,28
742,0.005493640899658203,0.1956644058227539,28
743,0.005428791046142578,0.15393821895122528,28
744,0.005712032318115234,0.15757693350315094,28
745,0.005524396896362305,0.16587680578231812,28
746,0.0057332515716552734,0.22690455615520477,28
747,0.005528926849365234,0.23674042522907257,28
748,0.005480527877807617,0.23565426468849182,32
749,0.00542902946472168,0.2415320724248886,32
750,0.005431175231933594,0.25603607296943665,32
751,0.0054171085357666016,0.25257954001426697,32
752,0.005421876907348633,0.22414247691631317,32
753,0.005415678024291992,0.1833488941192627,32
754,0.005418539047241211,0.13987389206886292,32
755,0.005430459976196289,0.1550299972295761,32
756,0.0054171085357666016,0.12290084362030029,32
757,0.0054166316986083984,0.08551552891731262,32
758,0.005417346954345703,0.09051641821861267,32
759,0.005441904067993164,0.15875546634197235,25
760,0.0054836273193359375,0.17398972809314728,25
761,0.0054819583892822266,0.17137815058231354,25
762,0.005422830581665039,0.14067134261131287,25
763,0.005418300628662109,0.13172487914562225,32
764,0.005415916442871094,0.14401374757289886,3
765,0.0054171085357666016,0.15888284146785736,17
766,0.005430698394775391,0.19036975502967834,17
767,0.0054168701171875,0.24442727863788605,8
768,0.005415439605712891,0.4330984055995941,8
769,0.005423545837402344,0.3139384686946869,8
770,0.005426883697509766,0.2746269702911377,3
771,0.005434513092041016,0.2283133864402771,13
772,0.0054171085357666016,0.5037857890129089,13
773,0.0054357051849365234,0.6662927865982056,13
774,0.005476474761962891,0.6636552810668945,13
775,0.005421638488769531,0.701033353805542,13
776,0.005422115325927734,0.7751510739326477,13
777,0.005418539047241211,0.7652028203010559,13
778,0.005419015884399414,0.6973586082458496,13
779,0.005429744720458984,0.8234629034996033,13
780,0.0054209232330322266,0.5836395621299744,13
781,0.0054204463958740234,0.584311306476593,13
782,0.005415916442871094,0.4227445423603058,13
783,0.005416154861450195,0.5591272115707397,32
784,0.005419492721557617,0.858069658279419,32
785,0.0105743408203125,0.9055259227752686,32
786,0.010610342025756836,0.9404663443565369,32
787,0.010952949523925781,0.9798771739006042,32
788,0.011956930160522461,0.9402102828025818,32
789,0.010642051696777344,0.9652916193008423,32
790,0.01080465316772461,0.9750498533248901,32
791,0.010870933532714844,0.9636318683624268,32
792,0.010942220687866211,0.9254201054573059,32
793,0.010818719863891602,0.9083213210105896,32
794,0.010941028594970703,0.9284512996673584,32
795,0.010802030563354492,0.9317856431007385,32
796,0.010808944702148438,0.9795057773590088,32
797,0.010887622833251953,0.93159419298172,32
798,0.010702371597290039,0.9847621917724609,32
799,0.010788202285766602,0.9956188797950745,32
800,0.010941028594970703,0.9966021180152893,32
801,0.010626554489135742,0.9957076907157898,32
802,0.010923147201538086,0.9960500597953796,32
803,0.010622262954711914,0.9922927021980286,32
804,0.010856389999389648,0.9798715710639954,32
805,0.010860443115234375,0.9814727306365967,32
806,0.00603795051574707,0.8786234855651855,32
807,0.005630970001220703,0.7344286441802979,32
808,0.005472898483276367,0.5627167820930481,5
809,0.005423784255981445,0.6075820922851562,5
810,0.005426168441772461,0.5413239598274231,32
811,0.0054168701171875,0.7132474780082703,32
812,0.005410909652709961,0.7615850567817688,32
813,0.005414009094238281,0.8068494200706482,32
814,0.0054073333740234375,0.7078418731689453,32
815,0.005408048629760742,0.42624905705451965,32
816,0.005415201187133789,0.30136266350746155,32
817,0.005406379699707031,0.19925042986869812,17
818,0.005405902862548828,0.2712398171424866,17
819,0.00540924072265625,0.2645130455493927,5
820,0.005405426025390625,0.3321722149848938,5
821,0.005405902862548828,0.26695892214775085,5
822,0.0054051876068115234,0.1493750661611557,3
823,0.005437135696411133,0.14122013747692108,5
824,0.005425214767456055,0.1470593363046646,5
825,0.00541996955871582,0.14666670560836792,32
826,0.005411863327026367,0.14837943017482758,32
827,0.005416393280029297,0.10273165255784988,32
828,0.005412101745605469,0.10726004093885422,27
829,0.005411624908447266,0.08027246594429016,32
830,0.005411863327026367,0.09845133125782013,27
831,0.005413532257080078,0.0715029239654541,32
832,0.00541234016418457,0.054329998791217804,27
833,0.0054111480712890625,0.061215974390506744,27
834,0.005410432815551758,0.05267173796892166,27
835,0.0054149627685546875,0.06347085535526276,27
836,0.0054128170013427734,0.05420051887631416,27
837,0.0054094791412353516,0.054930899292230606,27
838,0.005469799041748047,0.0612185001373291,27
839,0.005590677261352539,0.059590984135866165,0
840,0.0054514408111572266,0.06679217517375946,0
841,0.005424976348876953,0.053381554782390594,27
842,0.005415678024291992,0.05500798672437668,27
843,0.005420684814453125,0.056968919932842255,27
844,0.005416154861450195,0.05461553856730461,27
845,0.005419492721557617,0.0588747002184391,27
846,0.005420207977294922,0.051871027797460556,31
847,0.005411624908447266,0.06759090721607208,31
848,0.005408763885498047,0.06316866725683212,31
849,0.005418062210083008,0.05307330563664436,32
850,0.005404472351074219,0.05267602205276489,31
851,0.005403280258178711,0.05049483850598335,21
852,0.0054209232330322266,0.046573031693696976,31
853,0.005417585372924805,0.045961275696754456,31
854,0.005418062210083008,0.046978894621133804,32
855,0.005416393280029297,0.04683467373251915,32
856,0.0054111480712890625,0.05115462839603424,32
857,0.005413532257080078,0.05083060637116432,32
858,0.005414485931396484,0.047729719430208206,32
859,0.005411624908447266,0.0517091266810894,32
860,0.0054302215576171875,0.052499011158943176,32
861,0.005418300628662109,0.054146066308021545,32
862,0.005408048629760742,0.056031543761491776,32
863,0.005407571792602539,0.047593481838703156,27
864,0.005406856536865234,0.06462355703115463,17
865,0.005412101745605469,0.05859579145908356,36
866,0.005402803421020508,0.09598863869905472,5
867,0.005408048629760742,0.30888456106185913,8
868,0.005408287048339844,0.43049585819244385,8
869,0.005408287048339844,0.33850160241127014,8
870,0.005407810211181641,0.1646852344274521,5
871,0.005411624908447266,0.2508470416069031,13
872,0.0054051876068115234,0.26502323150634766,13
873,0.0054264068603515625,0.4155769348144531,13
874,0.00542902946472168,0.4567236006259918,13
875,0.005414247512817383,0.77292400598526,13
876,0.0054111480712890625,0.7815783023834229,13
877,0.005420207977294922,0.634482204914093,13
878,0.005408287048339844,0.5386425256729126,32
879,0.005409955978393555,0.6441936492919922,32
880,0.005408525466918945,0.6688329577445984,32
881,0.0054094791412353516,0.714203417301178,32
882,0.005408525466918945,0.8082761168479919,32
883,0.010532140731811523,0.9477123618125916,32
884,0.011609315872192383,0.946095883846283,32
885,0.01084756851196289,0.9763833284378052,32
886,0.010950803756713867,0.9808654189109802,32
887,0.010659217834472656,0.9895582795143127,32
888,0.010904312133789062,0.988374650478363,32
889,0.003038167953491211,0.990756094455719,32
890,0.010788440704345703,0.983829140663147,32
891,0.010882139205932617,0.9595418572425842,32
892,0.016653060913085938,0.9190436601638794,32
893,0.005644798278808594,0.7517014145851135,32
894,0.0057332515716552734,0.8860083818435669,32
895,0.005690097808837891,0.8989346027374268,32
896,0.010931730270385742,0.9686325788497925,32
897,0.010971307754516602,0.9613146185874939,32
898,0.010719776153564453,0.9914687871932983,32
899,0.010854959487915039,0.9895408153533936,32
900,0.010991573333740234,0.9899401068687439,32
901,0.010785818099975586,0.9619708061218262,32
902,0.005732536315917969,0.8867378830909729,32
903,0.010724067687988281,0.9135088324546814,32
904,0.005499839782714844,0.6625989675521851,32
905,0.005857229232788086,0.45029085874557495,5
906,0.005772113800048828,0.453461617231369,5
907,0.005514860153198242,0.6172861456871033,27
908,0.0054781436920166016,0.6099048852920532,5
909,0.005429506301879883,0.6325496435165405,5
910,0.005530834197998047,0.454530268907547,5
911,0.005489349365234375,0.49007517099380493,27
912,0.005432605743408203,0.40437766909599304,27
913,0.005453586578369141,0.3946479558944702,5
914,0.005422115325927734,0.633712112903595,27
915,0.005419731140136719,0.5548562407493591,27
916,0.005419254302978516,0.36133867502212524,27
917,0.005422353744506836,0.47385165095329285,3
918,0.005422830581665039,0.6502959728240967,3
919,0.005422353744506836,0.7077077031135559,3
920,0.005421161651611328,0.7191058397293091,3
921,0.0054492950439453125,0.6580476760864258,3
922,0.005419731140136719,0.6680665016174316,3
923,0.0055043697357177734,0.4330495595932007,3
924,0.005461215972900391,0.4205145239830017,3
925,0.005423784255981445,0.3013192415237427,3
926,0.005420207977294922,0.24581344425678253,3
927,0.0054187774658203125,0.21342875063419342,3
928,0.005419492721557617,0.16988888382911682,7
929,0.005417585372924805,0.14082004129886627,13
930,0.0054128170013427734,0.1166897863149643,7
931,0.005417346954345703,0.10746348649263382,3
932,0.005417585372924805,0.10154905170202255,13
933,0.0054187774658203125,0.0952858030796051,31
934,0.0054171085357666016,0.11033131182193756,31
935,0.005418062210083008,0.09389132261276245,31
936,0.005414724349975586,0.0711289569735527,31
937,0.005414485931396484,0.0648173838853836,31
938,0.005416393280029297,0.0605635903775692,31
939,0.005654096603393555,0.05921410396695137,31
940,0.0055429935455322266,0.06741702556610107,32
941,0.005451679229736328,0.06375405192375183,32
942,0.005490541458129883,0.0601499006152153,32
943,0.005467653274536133,0.053884342312812805,36
944,0.005425930023193359,0.05603111535310745,36
945,0.005451679229736328,0.06199100241065025,36
946,0.005419731140136719,0.05731857195496559,36
947,0.005477190017700195,0.053983353078365326,20
948,0.005417346954345703,0.0738307386636734,17
949,0.005416154861450195,0.0911138579249382,36
950,0.005418062210083008,0.08325853943824768,33
951,0.0054149627685546875,0.10610286891460419,8
952,0.0054171085357666016,0.16613152623176575,8
953,0.005412101745605469,0.19486050307750702,6
954,0.005415678024291992,0.19047552347183228,6
955,0.005457401275634766,0.29142600297927856,14
956,0.005413532257080078,0.3847629129886627,13
957,0.005416154861450195,0.46009448170661926,13
958,0.005420684814453125,0.5871716737747192,13
959,0.005490541458129883,0.48781654238700867,6
960,0.005457639694213867,0.6469265222549438,6
961,0.0054721832275390625,0.6840478777885437,6
962,0.005423545837402344,0.5583310127258301,6
963,0.005414009094238281,0.46094566583633423,6
964,0.0054166316986083984,0.5087117552757263,6
965,0.005421161651611328,0.6598556041717529,6
966,0.005416154861450195,0.616318941116333,6
967,0.005418062210083008,0.36347806453704834,7
968,0.005418062210083008,0.536994218826294,13
969,0.0054166316986083984,0.5213156342506409,7
970,0.00542140007019043,0.613444447517395,7
971,0.005445241928100586,0.539980947971344,7
972,0.005454540252685547,0.7530765533447266,7
973,0.005446910858154297,0.8329488039016724,7
974,0.00546574592590332,0.8050612211227417,7
975,0.005453586578369141,0.7845946550369263,7
976,0.005419492721557617,0.838046669960022,7
977,0.005418300628662109,0.8787277936935425,7
978,0.010546445846557617,0.9546681642532349,7
979,0.010616064071655273,0.9650154709815979,7
980,0.010916471481323242,0.9155466556549072,7
981,0.012208700180053711,0.9612019062042236,7
982,0.011083364486694336,0.9683841466903687,7
983,0.01088714599609375,0.9787055850028992,7
984,0.011111021041870117,0.9573723673820496,7
985,0.010616779327392578,0.9271705150604248,7
986,0.005883455276489258,0.8908165097236633,7
987,0.005537986755371094,0.8702844977378845,7
988,0.00556635856628418,0.8976731300354004,7
989,0.010558128356933594,0.955957293510437,7
990,0.010609149932861328,0.9845659136772156,7
991,0.010921478271484375,0.9864192605018616,7
992,0.012189388275146484,0.9878073334693909,7
993,0.010657787322998047,0.9521237015724182,7
994,0.005785465240478516,0.8337347507476807,7
995,0.005546092987060547,0.6226984858512878,7
996,0.005494594573974609,0.528708815574646,7
997,0.005434274673461914,0.3645572066307068,7
998,0.005463361740112305,0.47923195362091064,22
999,0.005460023880004883,0.5787206888198853,22
1000,0.005423545837402344,0.7774572372436523,22
1001,0.005455970764160156,0.7921255826950073,22
1002,0.005420684814453125,0.6356480717658997,22
1003,0.0054187774658203125,0.43763336539268494,22
1004,0.005416154861450195,0.21327513456344604,13
1005,0.005419492721557617,0.23902300000190735,32
1006,0.0054171085357666016,0.2402963787317276,32
1007,0.005421161651611328,0.31127262115478516,32
1008,0.005424022674560547,0.31325337290763855,32
1009,0.00545191764831543,0.30911293625831604,32
1010,0.005467891693115234,0.3137865364551544,32
1011,0.005518674850463867,0.22183720767498016,32
1012,0.005466938018798828,0.10579615831375122,32
1013,0.005423069000244141,0.07182394713163376,32
1014,0.0054492950439453125,0.05934235826134682,32
1015,0.0054166316986083984,0.05680352449417114,12
1016,0.005419254302978516,0.05728990584611893,25
1017,0.005413055419921875,0.056958723813295364,30
1018,0.005430459976196289,0.053357645869255066,30
1019,0.005480527877807617,0.048494137823581696,30
1020,0.005453824996948242,0.057063329964876175,30
1021,0.00541996955871582,0.04984113201498985,30
1022,0.005419015884399414,0.051528237760066986,27
1023,0.005495786666870117,0.05800982192158699,27
1024,0.005429506301879883,0.05761585757136345,30
1025,0.005452156066894531,0.06226348876953125,30
1026,0.00542140007019043,0.058118343353271484,30
1027,0.005456209182739258,0.05128033086657524,30
1028,0.005416154861450195,0.052895769476890564,27
1029,0.00541996955871582,0.04769061133265495,30
1030,0.0054514408111572266,0.05378195643424988,32
1031,0.0054476261138916016,0.059830207377672195,32
1032,0.005419731140136719,0.062090639024972916,32
1033,0.005413532257080078,0.06290780007839203,32
1034,0.0054132938385009766,0.0620289109647274,32
1035,0.005413055419921875,0.054704729467630386,27
1036,0.005458354949951172,0.05688261613249779,21
1037,0.005417585372924805,0.06107912212610245,27
1038,0.0055768489837646484,0.06156524643301964,30
1039,0.005621910095214844,0.0657019317150116,30
1040,0.005484342575073242,0.06254367530345917,30
1041,0.0054819583892822266,0.06537175923585892,30
1042,0.0054302215576171875,0.06440731883049011,30
1043,0.005455970764160156,0.06156749278306961,30
1044,0.005452156066894531,0.061946917325258255,30
1045,0.0055942535400390625,0.057999368757009506,30
1046,0.005728244781494141,0.0572570376098156,27
1047,0.0055348873138427734,0.06291739642620087,30
1048,0.005456447601318359,0.05919095501303673,12
1049,0.005476236343383789,0.06812801212072372,12
1050,0.005424976348876953,0.07691987603902817,30
1051,0.005470752716064453,0.07003233581781387,12
1052,0.00547337532043457,0.09248855710029602,30
1053,0.005427122116088867,0.09783077985048294,30
1054,0.0054492950439453125,0.10721368342638016,30
1055,0.005445003509521484,0.10948711633682251,25
1056,0.005418062210083008,0.11820405721664429,26
1057,0.005450725555419922,0.12201067060232162,28
1058,0.00541996955871582,0.17610904574394226,28
1059,0.005445003509521484,0.1856650859117508,25
1060,0.005654573440551758,0.13537174463272095,25
1061,0.005456447601318359,0.19004371762275696,27
1062,0.0054738521575927734,0.22708427906036377,27
1063,0.005460023880004883,0.21912725269794464,25
1064,0.0054209232330322266,0.20619000494480133,25
1065,0.0054473876953125,0.18485383689403534,25
1066,0.0054171085357666016,0.2352868616580963,25
1067,0.005414485931396484,0.2334604561328888,25
1068,0.0054471492767333984,0.25472357869148254,14
1069,0.0054187774658203125,0.2710728943347931,14
1070,0.005449056625366211,0.22232146561145782,25
1071,0.005445718765258789,0.17746379971504211,25
1072,0.005415201187133789,0.23396173119544983,25
1073,0.005463361740112305,0.2346986085176468,25
1074,0.005425691604614258,0.2005084753036499,28
1075,0.005450248718261719,0.22468581795692444,32
1076,0.005446910858154297,0.2800489664077759,32
1077,0.005417585372924805,0.2822292745113373,32
1078,0.005411624908447266,0.18781805038452148,32
1079,0.005441427230834961,0.17791397869586945,32
1080,0.0054168701171875,0.09635245054960251,32
1081,0.00545048713684082,0.1393750011920929,28
1082,0.0054171085357666016,0.15487368404865265,28
1083,0.005446910858154297,0.0791272222995758,32
1084,0.005442619323730469,0.07079186290502548,25
1085,0.005418300628662109,0.08155584335327148,32
1086,0.0054438114166259766,0.13742808997631073,25
1087,0.005455732345581055,0.14605461061000824,25
1088,0.00542759895324707,0.12839651107788086,25
1089,0.005457162857055664,0.11558124423027039,2
1090,0.005417346954345703,0.11513596028089523,27
1091,0.005441188812255859,0.0987531840801239,32
1092,0.005413532257080078,0.08671648800373077,32
1093,0.005418539047241211,0.09049241989850998,17
1094,0.005452394485473633,0.06293167918920517,27
1095,0.005456209182739258,0.0841815248131752,19
1096,0.005417585372924805,0.0802130401134491,19
1097,0.005443572998046875,0.056044209748506546,19
1098,0.005414009094238281,0.059574663639068604,32
1099,0.0054514408111572266,0.06916742026805878,32
1100,0.005453824996948242,0.07617056369781494,32
1101,0.005419492721557617,0.06198260933160782,32
1102,0.005444526672363281,0.06491362303495407,32
1103,0.005442142486572266,0.06351092457771301,32
1104,0.005414247512817383,0.05433432757854462,32
1105,0.005453824996948242,0.04901967942714691,12
1106,0.005417585372924805,0.04880782961845398,29
1107,0.00540924072265625,0.057631973177194595,12
1108,0.005445241928100586,0.061211347579956055,30
1109,0.005417346954345703,0.07669428735971451,30
1110,0.005544900894165039,0.08503246307373047,30
1111,0.005500316619873047,0.07471269369125366,30
1112,0.005437135696411133,0.09036970138549805,30
1113,0.005461454391479492,0.07924066483974457,30
1114,0.0054209232330322266,0.07746147364377975,30
1115,0.005446672439575195,0.08176552504301071,31
1116,0.005451679229736328,0.06932774931192398,30
1117,0.005415439605712891,0.05957983061671257,30
1118,0.005448579788208008,0.08686750382184982,32
1119,0.00546574592590332,0.08002673834562302,14
1120,0.0054209232330322266,0.07216919213533401,12
1121,0.005456686019897461,0.10485345870256424,14
1122,0.005414485931396484,0.10557877272367477,12
1123,0.0054819583892822266,0.10371371358633041,26
1124,0.00546574592590332,0.1022830605506897,27
1125,0.005419015884399414,0.12703074514865875,28
1126,0.00545048713684082,0.27074316143989563,26
1127,0.0054552555084228516,0.33668676018714905,26
1128,0.005419731140136719,0.3940039575099945,26
1129,0.005449771881103516,0.22538240253925323,26
1130,0.005420684814453125,0.4541839361190796,28
1131,0.005446672439575195,0.8280662894248962,28
1132,0.005452156066894531,0.8686253428459167,28
1133,0.005415201187133789,0.8607333302497864,28
1134,0.005451202392578125,0.690192461013794,28
1135,0.0054476261138916016,0.8893094062805176,28
1136,0.010544538497924805,0.9582071900367737,28
1137,0.005462169647216797,0.8164016008377075,28
1138,0.006042003631591797,0.7473183274269104,28
1139,0.0057659149169921875,0.8588941097259521,28
1140,0.010708808898925781,0.9795525074005127,28
1141,0.014065980911254883,0.996121346950531,28
1142,0.010941505432128906,0.9964756965637207,28
1143,0.011022090911865234,0.9984257817268372,28
1144,0.010638952255249023,0.9993845820426941,28
1145,0.010866165161132812,0.9994574785232544,28
1146,0.010989904403686523,0.9996538758277893,28
1147,0.010868072509765625,0.9994841814041138,28
1148,0.010954618453979492,0.9919066429138184,28
1149,0.011475563049316406,0.9826916456222534,28
1150,0.010896682739257812,0.9913089871406555,28
1151,0.010882377624511719,0.9808182120323181,28
1152,0.006178855895996094,0.7442454099655151,28
1153,0.0056035518646240234,0.8855006694793701,28
1154,0.005457878112792969,0.7236642837524414,28
1155,0.005481719970703125,0.6182872653007507,32
1156,0.0054662227630615234,0.8584707379341125,32
1157,0.005425691604614258,0.792034387588501,32
1158,0.005481243133544922,0.6493058800697327,32
1159,0.005476474761962891,0.6958094239234924,32
1160,0.005491018295288086,0.878180742263794,32
1161,0.010614156723022461,0.9312588572502136,32
1162,0.005454301834106445,0.7247427701950073,32
1163,0.0057866573333740234,0.6533595323562622,32
1164,0.005526065826416016,0.7379854917526245,32
1165,0.0054476261138916016,0.6642094254493713,32
1166,0.0054929256439208984,0.505943775177002,32
1167,0.005472421646118164,0.5307615399360657,27
1168,0.005424976348876953,0.751345157623291,27
1169,0.005463600158691406,0.6871621608734131,27
1170,0.005422830581665039,0.46371084451675415,5
1171,0.0054585933685302734,0.41430404782295227,15
1172,0.0054569244384765625,0.7645404934883118,15
1173,0.005453348159790039,0.7461618185043335,15
1174,0.0054776668548583984,0.6136350631713867,15
1175,0.005464792251586914,0.2916037142276764,32
1176,0.005423545837402344,0.3312230110168457,17
1177,0.005461692810058594,0.24281713366508484,17
1178,0.005423545837402344,0.46976643800735474,17
1179,0.0054552555084228516,0.7164708971977234,17
1180,0.005452156066894531,0.7749692797660828,17
1181,0.005420207977294922,0.5004687309265137,17
1182,0.005457878112792969,0.3499554395675659,17
1183,0.005452394485473633,0.31613627076148987,17
1184,0.005416393280029297,0.5076735615730286,5
1185,0.005453824996948242,0.47275587916374207,5
1186,0.005415439605712891,0.28514668345451355,5
1187,0.005450010299682617,0.22926512360572815,32
1188,0.00546574592590332,0.3277285397052765,32
1189,0.005426168441772461,0.4770857095718384,32
1190,0.005465030670166016,0.5030918121337891,32
1191,0.005452871322631836,0.4662722945213318,32
1192,0.005414724349975586,0.38827449083328247,32
1193,0.005454301834106445,0.37059178948402405,32
1194,0.0054171085357666016,0.41192537546157837,32
1195,0.0056459903717041016,0.4313909709453583,32
1196,0.00565791130065918,0.37550127506256104,32
1197,0.005634307861328125,0.3374037742614746,32
1198,0.005532503128051758,0.2556450664997101,32
1199,0.0054874420166015625,0.2068280726671219,32
1200,0.005435943603515625,0.26511242985725403,32
1201,0.0054666996002197266,0.2509284019470215,32
1202,0.005425930023193359,0.239566370844841,32
1203,0.00546574592590332,0.21651582419872284,32
1204,0.005461454391479492,0.18026474118232727,32
1205,0.005417346954345703,0.15686233341693878,32
1206,0.005456209182739258,0.11908923089504242,32
1207,0.005452156066894531,0.14575235545635223,32
1208,0.005420684814453125,0.12385088950395584,32
1209,0.0054547786712646484,0.10520736128091812,32
1210,0.005459785461425781,0.116164930164814,32
1211,0.005507707595825195,0.11901602894067764,32
1212,0.005471944808959961,0.11578959226608276,32
1213,0.005424976348876953,0.10064827650785446,32
1214,0.0054628849029541016,0.07569172978401184,32
1215,0.005465030670166016,0.054216168820858,32
1216,0.0054225921630859375,0.05053173750638962,32
1217,0.005461215972900391,0.05158328264951706,30
1218,0.005415201187133789,0.06103833392262459,30
1219,0.0054531097412109375,0.06351010501384735,30
1220,0.005460023880004883,0.06027054414153099,30
1221,0.005418300628662109,0.07095235586166382,30
1222,0.005455732345581055,0.07323059439659119,30
1223,0.005483388900756836,0.0882004052400589,30
1224,0.005420684814453125,0.08621473610401154,30
1225,0.005456447601318359,0.08948663622140884,30
1226,0.005417346954345703,0.0899462178349495,30
1227,0.005455732345581055,0.09296726435422897,30
1228,0.005462169647216797,0.09312143921852112,30
1229,0.0054168701171875,0.08028963208198547,30
1230,0.005455493927001953,0.07499618828296661,30
1231,0.005459308624267578,0.07386043667793274,30
1232,0.0054171085357666016,0.08177042007446289,30
1233,0.00545048713684082,0.07380394637584686,30
1234,0.005418539047241211,0.0682588592171669,30
1235,0.005453348159790039,0.07120772451162338,12
1236,0.005453586578369141,0.06833259016275406,12
1237,0.005415201187133789,0.06090262159705162,14
1238,0.005564212799072266,0.09510425478219986,14
1239,0.005637168884277344,0.13572058081626892,14
1240,0.005482912063598633,0.16929882764816284,14
1241,0.005475282669067383,0.3434142768383026,14
1242,0.005428314208984375,0.38960134983062744,14
1243,0.0054590702056884766,0.43598267436027527,14
1244,0.005465507507324219,0.44980692863464355,14
1245,0.0054204463958740234,0.5176302790641785,14
1246,0.005456686019897461,0.6027472615242004,14
1247,0.005460262298583984,0.5788466930389404,14
1248,0.005449056625366211,0.504741370677948,14
1249,0.0054819583892822266,0.29380884766578674,14
1250,0.005429506301879883,0.630265474319458,14
1251,0.005461692810058594,0.5823410749435425,14
1252,0.005464076995849609,0.5334755182266235,14
1253,0.005419492721557617,0.5295481085777283,32
1254,0.005461454391479492,0.44953224062919617,32
1255,0.005459785461425781,0.6317808032035828,32
1256,0.005416393280029297,0.704166829586029,32
1257,0.0054514408111572266,0.6694884896278381,32
